local_path,sha256,bytes
.verify-m1-evidence/maintenance-local/final-local.log,7be4c75b03b352b926fa24c257090a52b67d5d048f7804600491606118a9995d,139498
.verify-m1-evidence/maintenance-local/final-tail.log,474d923feb2a7705864efbc490d6e91fa27b62bf456aa833d37a6d61a5c3e8b3,44398
.verify-m1-evidence/maintenance-local/sleep-final-local.log,2d17c14a518014b7c4f6f8cdcec2f7a1c185169cea0c1273a13c8c0603b3881c,9343
.verify-m1-evidence/maintenance-node-v25/inputs.json,eb494c1c613da2333d445012dd549eca4f75cff12a1d308be05adef39074555e,25903
.verify-m1-evidence/maintenance-default/final-build.log,c1dc226c854169ad121d3012879acad7b7e6c4d310589dba291d3debdf2801c8,2072
.verify-m1-evidence/maintenance-local/ca-setup.json,a60c3d6323d40c60dba178e771bff7b2de27f18dd7c66e4b69ee19e5e900f0d1,755
.verify-m1-evidence/maintenance-drain/result.json,a82df511d6ccfc9ce2c1469c8cbdf2394b5df61c06ae1dc4304c7e21e01c42cb,103513
.verify-m1-evidence/maintenance-local/role-1.json,79604ffff967c8c365c120fe915edd3ef9b61528370632af415c308c03ee5ea4,501
.verify-m1-evidence/maintenance-sleep/result.json,838409300fd0654d1af136efb5484169d997b6997791efdfd33b4f0b7865190e,64680
.verify-m1-evidence/maintenance-sleep-r2/result.json,9c99c9128a9b5aee63d190dbaf2f147f9afe18fe899ce2a0dabf9d56792db018,8447
.verify-m1-evidence/maintenance-sleep-r3/result.json,4216fddbb818b3d4e61e138c7afcf6461a7378784172bb65f23b6132c21aa563,10376
.verify-m1-evidence/maintenance-local/radio-wake.json,7a4451fc11c0827128f9554ab7a6890e489a73d71888350ae026255875ea12a6,91557
.verify-m1-evidence/maintenance-local/pending-plan-before-fix.log,c92d761dd688cea3633bf23e97f4bca39689329dbcb4ecebad57233597da8315,646
.verify-m1-evidence/maintenance-local/sleep-busy-before-fix.log,98b6ce4c56a797a6ae1e2ebc737acfb93c2805a98fc3366506210a51e0dea5b9,555
.verify-m1-evidence/maintenance-node-v25/1/hashes.json,67c87131e9d305d1f968036c17e1af20ed6a1b6d4d5789d0aa96dc8c82f83eb8,509
.verify-m1-evidence/maintenance-node-v25/2/hashes.json,15ba55f8203770053d87f981752d31302cbd56e97f99bf72a30058b15b8d7d68,509
.verify-m1-evidence/maintenance-node-v25/3/hashes.json,bd5584531fc52e6d08cbda7b3c9c9d2b9183298f1b80ea3d7a75c038f0ac9aa6,509
.verify-m1-evidence/maintenance-local/final-state.json,f56f298fc07b962217da29b7f470f34c9626246658eb740692c15589498f01f2,285
.verify-m1-evidence/maintenance-local/complete-flash-1.log,4f19bf057690382280e653cbdcdeafd83b737fd7790dab37f35df870199b6696,1535
.verify-m1-evidence/maintenance-local/sleep-final-flash-2.log,c241730e6af6fc89a844da913181467bf88606563d812add5c58f95f63acbcc9,1535
.verify-m1-evidence/maintenance-local/complete-flash-3.log,903ea89ffbef6f0fb564fb6475ef4d92f816bfd21fe026395aafc8454032dce5,1535
.verify-m1-evidence/maintenance-retained-cpu/inputs.json,e7ea3ff97a0f4e762703b4df2b4cb92eaf91c4c2dbd4abeb0fd8998fe9fa2c19,25905
