path,revision,git_blob,sha256,bytes
docs/DEVELOPMENT_RESTART_2026-09-07.md,dc1203b85f115a5eb3acb686b1c87a43305fb732,819ade8733a33617cc44f302038acc7d5d0b607d,fb553152b6574e9a89f1df7547ffd2effc00ad8aee148f9e3bea69c731e9d0ce,7431
docs/EXTENSION_HIL_RESULTS_2026-09-08.json,dc1203b85f115a5eb3acb686b1c87a43305fb732,c3333d10d502512711ae56a5617a45718eea457b,a5d0ac683401206780bca989efde250cb4ea3b38eaa910078a0f113bc48afaee,10643
docs/EXTENSION_LOCAL_RESULTS_2026-09-08.json,dc1203b85f115a5eb3acb686b1c87a43305fb732,4d75435c9d3cfff5c378633ea1ffb2264e288535,3f47fa51209d8ffdac494a73dc0496327027ef65782d671775ce8dd5202e6395,9095
docs/EXTENSION_REVIEW_2026-09-08.md,dc1203b85f115a5eb3acb686b1c87a43305fb732,010da2331e448878b5c3b12b8274f86b24c32924,f95b71ad31be1a5d0cd786a8931249e388e7842b13bea222db9d32fd7b536cdb,4380
docs/FIELD_RESULTS_2026-09-08.json,dc1203b85f115a5eb3acb686b1c87a43305fb732,eb7049350ab6babb31bc27e50c2f9e01168e3020,fcbcef66b5759154609192a960c1159a3ed001e30c6d2f94f3c4dc6df083bb41,6399
docs/M1_BOARD_INIT_2026-09-07.md,dc1203b85f115a5eb3acb686b1c87a43305fb732,9e01d3d4abc23baa18ca41b158b5e97b5cdcb713,3f79b3c81fb8e752ffa008011e76d514f334ebaec09d6d741e3f65e4bf6dc0db,16281
docs/M1_DURABLE_CAMPAIGN_2026-09-07.md,dc1203b85f115a5eb3acb686b1c87a43305fb732,213fabf621d017e05855f815288bbcf82955948e,aca3788deeba01f7371a771b88d4e66c8829256231b7c9bcdef5c78fd9d61b5c,12464
docs/M1_DURABLE_RESULTS_2026-09-07.json,dc1203b85f115a5eb3acb686b1c87a43305fb732,ae936c199f8873b6521ae5b46808b9f7b2b826b6,76b8792089a4f94d14d528151be419be8e90b9827fa1e08ac5c9edfa0a7f70df,17046
docs/M1_FAULT_CAMPAIGN_2026-09-07.md,dc1203b85f115a5eb3acb686b1c87a43305fb732,7d6db1925990fae19a2384b864bea75df505eb83,d4f162e0333a6d9fd22f284deb9d58e7a162c2b5e78a2931a2d2e8214d514eef,9629
docs/M1_FAULT_RESULTS_2026-09-07.json,dc1203b85f115a5eb3acb686b1c87a43305fb732,451fee0f43641a038476ca3b94a2647f615dbd2f,637fee875108fbdb7655ab012ebde281405b6cb2aa90bae5c747e3c9ad47e992,47127
docs/M1_PREFLIGHT_2026-09-07.md,dc1203b85f115a5eb3acb686b1c87a43305fb732,69126ccb519eb3224086d233ad6e5d0bc0e7d991,172b60c3e942ab4f2c42c455fa0934f654cd577913902bfe698814dcb89ded0e,5618
docs/M1_RF_CAMPAIGN_2026-09-07.md,dc1203b85f115a5eb3acb686b1c87a43305fb732,bcbce98675eff74aeb6da71eab9c0a1e8e8803ca,1b23bea5c49c1aba5fe9f4200894d96198b60db3d1761e9eaacea6f4e0c482ad,14854
docs/M1_RF_RESULTS_2026-09-07.json,dc1203b85f115a5eb3acb686b1c87a43305fb732,2d89cce28728e3e488aeb00b72253ddff8533720,f71131a5ad227a1bc790424dd42d6718431f1cbb31c3e17f45f40d4a28f236fc,6493
docs/M1_USB_POWER_2026-09-07.md,dc1203b85f115a5eb3acb686b1c87a43305fb732,e6eac38690915f1696c21e26ce69648f2bff34fd,6333bf0160e5928552cf6adbdd55702cbf65c0876b0b4700003fcf59e3cc42a2,7947
docs/M1_USB_POWER_RESULTS_2026-09-07.json,dc1203b85f115a5eb3acb686b1c87a43305fb732,2c65cd0207e1fff90aa277a18cb6b13cc81877b0,4ba762eccba9608200d85348be5eab85a68b797f21f54fae87569e1a9ed0a02d,9601
docs/REVIEW_RESOLUTION_2026-09-08.md,dc1203b85f115a5eb3acb686b1c87a43305fb732,8c42c166c0371a16faed94099140644896ce7c15,c03867ce346c9428965aea1210bac94a1f26f6f240010be181675173f1af08df,4730
docs/SECURE_NETWORK_LOCAL_EVIDENCE_2026-09-07.md,dc1203b85f115a5eb3acb686b1c87a43305fb732,098ccbf8cf24bce3571cf03d6ecd2721748c7d03,3bf4e809722c9e398eb0880fc3e45ef2d0468ca27adac10d207c538f675af9c6,7631
docs/SECURE_NETWORK_PROFILE_2026-09-07.md,dc1203b85f115a5eb3acb686b1c87a43305fb732,1f9ff0344f9ab05d3b679f78e772f72966ff631a,75c859d64f0ad83d6e1cfa5034b5396c9651192df3174487d0af6b95a3ec3a7c,14459
docs/SECURE_NETWORK_RESULTS_2026-09-07.json,dc1203b85f115a5eb3acb686b1c87a43305fb732,3723cd80e05f4d99c78f4a6e3cd864ca480f7593,8231d0b2e0d04c06e604beeb21342498ee417a5c6759bd0fc2210b7882627022,3563
docs/SECURE_NETWORK_SOURCE_2026-09-07.json,dc1203b85f115a5eb3acb686b1c87a43305fb732,c6dc123072fe9ed4f53195e39c55956925070ae5,76b383d76d187e5a6973508eff3c0835a2897f4b54efba5d7bc433ee93a71d98,36811
docs/SECURE_TWO_BOARD_HIL_2026-09-08.md,dc1203b85f115a5eb3acb686b1c87a43305fb732,7f6b01664fe37955c312080c47b25d3f19b699c9,18aa2b01c61b9abbdeb7cefe36d52b7ffaaab0eb3275f8b2fc6ab47db42867ad,8982
docs/STORAGE_BULK_RADIO_2026-09-08.md,dc1203b85f115a5eb3acb686b1c87a43305fb732,a3249ebc43795b536be94e5e1b6035199f363ff7,cb70473d2d55f2ab054e2372951e24d4f85b5454f2ad9f92964823fef815d412,10325
docs/THREE_BOARD_RELAY_HIL_2026-09-08.md,dc1203b85f115a5eb3acb686b1c87a43305fb732,b5b0ade8c201b4766b0ca97acd47662e3ace7426,f71f6e6d1368622759ca9e759464d368182eb62cfa463a99a93e5f86b260e53a,5748
docs/W01_W02_LOCAL_EVIDENCE_2026-09-07.md,dc1203b85f115a5eb3acb686b1c87a43305fb732,88209c433043cb5312d49a315dd2f68f6d317427,9d663f20e8dffd002949377dc3846ed2442cfc7ff8383358c22d6640de836d77,7064
docs/evidence/2026-09-08-extensions/firmware-inputs.json,dc1203b85f115a5eb3acb686b1c87a43305fb732,f4783ee83f01ba63572f801052f5a03b560e8182,534576faa63e195249f9ce4087c226da51e1c2434bf43747b9a24fb7f0f94489,12834
docs/evidence/2026-09-09-adaptive/results.json,dc1203b85f115a5eb3acb686b1c87a43305fb732,3babf3df2db9e4becd4ec7e0207937082682c3ab,c6ce7713a914a4c8a290a4ee29ab429b36fc98a8b9d813ad62799b9682e5ae2d,2565
docs/evidence/2026-09-10-fanout-store/results.json,dc1203b85f115a5eb3acb686b1c87a43305fb732,604bbcf134a928efb66748324eccb2c661d1ea09,465ba36125126ffd134b0f9f0ea706babfc4533b72e5bb77978c915980a3a492,4080
docs/evidence/2026-09-10-fanout-store/source_provenance.json,dc1203b85f115a5eb3acb686b1c87a43305fb732,1792762c48bbdcb08e5585ad901add82d9122f76,a3ba3b455d2beaf3609af28dd12fcf8e0f3b471adad5f61ea74e297d8d0d47dd,1240
docs/evidence/2026-09-10-feedback/results.json,dc1203b85f115a5eb3acb686b1c87a43305fb732,e212596a1107eff1a1cc280c3e6067a87f36209f,adf0d7aa836792da7da2671132e51efae868aa876217675ac1cab62490bd4de9,5176
docs/evidence/2026-09-10-integrated/results.json,dc1203b85f115a5eb3acb686b1c87a43305fb732,6f620c99df44cb3659f63816bf6c2d42a90861df,81b094ad76f6453434f7cf5263a0c27bb84ea0e0ebc6c74f6bb34b1d42354311,10309
docs/evidence/2026-09-10-observation/results.json,dc1203b85f115a5eb3acb686b1c87a43305fb732,1fba60b799adb58cd5e660eea9b6d448a1ab4038,66fe703e8de56052a212921c014919c4420ea498b5fd31e727080f55405358ed,3222
docs/evidence/2026-09-10-observation/source_hashes.json,dc1203b85f115a5eb3acb686b1c87a43305fb732,b4a7ff2fd7e1df8665b484893f606ac3dc0e6d17,8133e53cd92052685aa906416875eec4cf9eaa78c40dceb0890be3412eb2c057,5250
reviews/2026-09-08/README.md,dc1203b85f115a5eb3acb686b1c87a43305fb732,f97d3ddb5b9855a0616d9c12f1b7e74b6093c76f,61e9d218cdce312359b1ec81030242b5e07fb754c7c1e340e57994fda6cfa4df,16509
reviews/2026-09-08/contract_probe.c,dc1203b85f115a5eb3acb686b1c87a43305fb732,5c2e563cd497581b81d777485e0f0252d27e1a65,45a6d113eb944b03c5572905ac4c9ead57daf586dab2dd60eb1e81247fb8f716,4663
reviews/2026-09-08/control_probe.c,dc1203b85f115a5eb3acb686b1c87a43305fb732,6796af92df7cd68df8799f00fa95a102f67bc687,bf3b245a5aee378fafbb8cf603c388bd6a409cac5c4049e2ca1391e9db9dda25,6967
reviews/2026-09-08/pump_probe.c,dc1203b85f115a5eb3acb686b1c87a43305fb732,c441187b3d7a0a8b156c81f632376c6356e328c9,68f75f7e532f84fe06982692809cdc6fa9e263fbc1a465241f271952f44f00c2,10233
reviews/2026-09-08/quota_probe.c,dc1203b85f115a5eb3acb686b1c87a43305fb732,1d241cdd15dd3468f2f02a87566d967b953c59f8,7b42e91122b31c69e3bb367e7b72f943c0a04c1822dda2c8d4c377f16eb7ccaa,3749
reviews/2026-09-08/results.json,dc1203b85f115a5eb3acb686b1c87a43305fb732,3d6d8942f5a7c9adb1479dd76afb5e0bbc56535b,dace1e2e3bd632fb93bfdceae0ea9444851cdcb2cc59da97c52678d272678f66,6829
reviews/2026-09-08/run_analysis.py,dc1203b85f115a5eb3acb686b1c87a43305fb732,1e9afc65aa28eee8825f9adca2132ab238975986,f14516a1afd9b6ba84e121932f95a0d8a51de5c703ae69b45fe55cb8d961943b,1878
reviews/2026-09-08/run_probes.py,dc1203b85f115a5eb3acb686b1c87a43305fb732,d1b339bbe117b4f936f8c333d85b5ed32b34eee7,90ac0fe31010338816cf9521e26ba59d2c18e50d1a664b2400c9b37e3d7a42d2,2692
reviews/2026-09-08/storage_probe.c,dc1203b85f115a5eb3acb686b1c87a43305fb732,9e7a093d7728274bd180c5997b7e6565af4ee348,c277be17c587bf6f30ec245e511fd45f5a5d5d81c7ddac9583a4281e381e24d8,3518
