group,path,sha256,bytes,git_blob,artifacts
field-final-state,docs/evidence/2026-09-08-field/raw/manifests/field-final-state.json,1ab9704da5e6c5f66122a7b452499399e88372f434e164f99d328f7e3aab8a08,580,30a0076165813f1231a709078af584dd4c042102,2
field-fresh-delivery-v1,docs/evidence/2026-09-08-field/raw/manifests/field-fresh-delivery-v1.json,fba61edb0d065b132e68ae78bc7d0b58157a5ac679b21712a0d50c5bc15c002c,602,735a263522cec45c4cf5ac6cd5ae33e1e93576a1,2
field-fresh-delivery-v2,docs/evidence/2026-09-08-field/raw/manifests/field-fresh-delivery-v2.json,ef6d8ac56559087120705fadd6b503b145981fd307a361b252a001a00d015000,602,299d94ad1f0b90b13fdf67c80ffb7016ab500536,2
field-fresh-delivery-v3,docs/evidence/2026-09-08-field/raw/manifests/field-fresh-delivery-v3.json,aa02c7ca11575587dd7ec1894248804631b1fe254e8fce3e88c7150974f97eb2,602,02572bd01f0f7279bf6674503b6264d2340598ad,2
field-fresh-delivery-v4,docs/evidence/2026-09-08-field/raw/manifests/field-fresh-delivery-v4.json,af7b5f65e47e1211f866dd62966df5fcbb15304c5760908574c92e8b8f146b51,602,a08900cc926c70bc02aa47390979c47d47aff73e,2
field-node-v1,docs/evidence/2026-09-08-field/raw/manifests/field-node-v1.json,d6b9d8885c1e12c4ecb04c7f9989a2285521b4fad8473698158c04f3da2e5d14,4204,cf062ba62fa0b4e524b4d61f01c013e2eb5a5edd,16
field-node-v10,docs/evidence/2026-09-08-field/raw/manifests/field-node-v10.json,3026b64f4c5edf8ff81c9a6cceb82c5a52b10fb36a3c7361c83dfe0790a6e7f0,5037,d2b62749125c69c13d2455921f9d4443b5d4d8e6,19
field-node-v11,docs/evidence/2026-09-08-field/raw/manifests/field-node-v11.json,08e06d54071accb6b6d8e3f60fb89f90bf01390b0f64305047ee777f099f04b0,5037,2576d38314b7ab1593414ba92d81526dd7c325d8,19
field-node-v12,docs/evidence/2026-09-08-field/raw/manifests/field-node-v12.json,c090041209aa30ef8c71bc5670adbb380937cb62b2803d201c88b8d3f8f4229f,5037,082fa0fbd6e65e31f1c05a603ccc15927cb90027,19
field-node-v13,docs/evidence/2026-09-08-field/raw/manifests/field-node-v13.json,85921f69949b2a41c3cd5779da862d74aca1194f1ba78f9fba0f7d44d5c53bfe,5037,5b88969e6a796412713f00f0fad17d992c58155c,19
field-node-v14,docs/evidence/2026-09-08-field/raw/manifests/field-node-v14.json,ad739d059f564902a4fde245aee67181e69b2f82d7fb9aee86905d1239e81c57,5037,7e5af8afe4b2c4cf4681d12cff32c60a88067d93,19
field-node-v15,docs/evidence/2026-09-08-field/raw/manifests/field-node-v15.json,10cc103e81873ec56efdfcc2f315b725013369eae8f376fac408ce7ef3838c4f,4221,918ad79806a0b5392707195bd9589b5962ee4e75,16
field-node-v16,docs/evidence/2026-09-08-field/raw/manifests/field-node-v16.json,ea53cbcf95b7810b13034e1a4ac100f22e5600486d4ea0d08fe61c53250fda72,5037,be0491ba89b9ad03813a55f50f95697d0b47be52,19
field-node-v17,docs/evidence/2026-09-08-field/raw/manifests/field-node-v17.json,d8899cacba040a53e04e722891e5333a68f0729cfcdedfcd253895f6c54e5e3f,5037,63b6e5d284172b342deadaf62a3ad4334133cb62,19
field-node-v18,docs/evidence/2026-09-08-field/raw/manifests/field-node-v18.json,215aa91b52dc3a8447898e74f09312bd3bd378d45aac6af120b8fe76d28176c3,5037,50d447bafb218d32f661b04e6b34c5d2df841754,19
field-node-v19,docs/evidence/2026-09-08-field/raw/manifests/field-node-v19.json,de39ac11cf7d39fea63ab531a87d62528b7094b6484dbe27fbb4f66a034e2812,5037,bd4b114a35b511de8ec398fde5371cab927de087,19
field-node-v2,docs/evidence/2026-09-08-field/raw/manifests/field-node-v2.json,d17320713ed935a435a465a02270b47c385ff4213e9b5a79a61c3fc6fab9e313,4204,1b25143dc66bdfb998e2562b3730ebbb9eea7655,16
field-node-v3,docs/evidence/2026-09-08-field/raw/manifests/field-node-v3.json,1713a0e84f78d70629c7eae1d53b2f207b82b32ef254ff8e1cd78ea8629f4a95,4204,f43b6a48c986740385dadbd1f3169369e3277f50,16
field-node-v4,docs/evidence/2026-09-08-field/raw/manifests/field-node-v4.json,9e70d405a5d30979e119cbb50413fc0c782b99ffe103e513ac4d06aea4c0f0f0,5017,647b7fe88f6157e8a47249019b56c3595277bb5f,19
field-node-v5,docs/evidence/2026-09-08-field/raw/manifests/field-node-v5.json,c78f10e75bc243ef2b832dc05dc2addf12f5600d065f0550911c4f08f8d58472,4204,702211665411e32149c09456f5f5dddf17ed42fb,16
field-node-v6,docs/evidence/2026-09-08-field/raw/manifests/field-node-v6.json,e9d7de30fa6a072cfd144d036eaf59427f4c70b831967fa17a2a021706ee1f70,5017,31eb08144d50aa040bdec199077c1b4442b13a3c,19
field-node-v7,docs/evidence/2026-09-08-field/raw/manifests/field-node-v7.json,8367b714d11658454af1fee993d40c2244635c45ef8f27ff5bca283c152ca79f,5017,08ec722c7a83001c6dc05106d00a1b4c50a4db40,19
field-node-v8,docs/evidence/2026-09-08-field/raw/manifests/field-node-v8.json,0a2b0e3783ed22ca63e68a9f6f50dc2eac63eadfb4aa28b3e87a6c055ca576ca,5017,ced9929c8cfa1feca579317b3c63090e842381dc,19
field-node-v9,docs/evidence/2026-09-08-field/raw/manifests/field-node-v9.json,bedb6df4ae1fa44f196824c8b71cf0f414029cc761bbeddbf595ad921fa655d3,5017,83447b889c8fc44effd6f258eac7f67bdf3fd85f,19
field-receipt-recovery-v10,docs/evidence/2026-09-08-field/raw/manifests/field-receipt-recovery-v10.json,ed2463171cb2d548a2f5a4b669194b4bd92ea340da7b08cae62358368d5b5c21,611,114d251be5ace7cd4688765ee64679daef2336a4,2
field-receipt-recovery-v11,docs/evidence/2026-09-08-field/raw/manifests/field-receipt-recovery-v11.json,8034b6b6907001b472e022817fb33fb46d1e65936e207f6d85577077fdf616d1,611,3b7f35832d1edb64852a3e8d905ac1d0a3681380,2
field-receipt-recovery-v12,docs/evidence/2026-09-08-field/raw/manifests/field-receipt-recovery-v12.json,01af9a146fc0366673ad61f4984de4b0d0f0a52a0756f4074423375c5384d8b1,611,30724e6fa5b92e7281e515bdadc9852330d77c95,2
field-receipt-recovery-v3,docs/evidence/2026-09-08-field/raw/manifests/field-receipt-recovery-v3.json,e44b995acc412469479d06716bad2149ae87c02b37167590f8189ef29398516a,608,75966176a9ed9cae89e5e005e07da359fcdd0782,2
field-receipt-recovery-v4,docs/evidence/2026-09-08-field/raw/manifests/field-receipt-recovery-v4.json,8331ae10287748018a2c88b291214b05366bb5afc2fd62e888eb82a80afab0f4,608,6dbea9b80bd4ff6eecf4ce17f5823c1a4407a9c5,2
field-receipt-recovery-v5,docs/evidence/2026-09-08-field/raw/manifests/field-receipt-recovery-v5.json,7cec57012ffb7e1cd37ba48b81e862bd19a8912512ae6de880ac7030e93ed4f0,608,2f2eace83732f146a7c7daa2b43015d325df91c5,2
field-receipt-recovery-v6,docs/evidence/2026-09-08-field/raw/manifests/field-receipt-recovery-v6.json,f756edcac10ab5eba68b81fd84a25707ccb4d387fd9f0b82db080f73f63d8956,608,d4f2fb1cba26dcf7cf2db7d7525572db7c809936,2
field-receipt-recovery-v7,docs/evidence/2026-09-08-field/raw/manifests/field-receipt-recovery-v7.json,416baffe05b6e776d99ef2b367ca5ca92dd0281ce242e38eca854f984be802f0,608,acbe6d1192826b69f4cbebe155922f0816969cb4,2
field-receipt-recovery-v8,docs/evidence/2026-09-08-field/raw/manifests/field-receipt-recovery-v8.json,233b3be799d5e5fd14954b74d7ae20c292542ea77a9c8bff422f749e9e0c4689,608,ba9aeb2e7d55e59b1d64f7b8bf5964e630c11b95,2
field-receipt-recovery-v9,docs/evidence/2026-09-08-field/raw/manifests/field-receipt-recovery-v9.json,7b86022882b552b4f72fb3f02ea0068d2cf50360e8eadcad490d00f2534c023b,608,572c4659df59b9e031fd946f587f80c708d6691a,2
field-relayed-join-v1,docs/evidence/2026-09-08-field/raw/manifests/field-relayed-join-v1.json,da4d6711792609636d8bc8811ab1483de4b24f5396c979b5c2d1c2a2f5ea65ec,328,ec030cb63a6c708489fc7ed95000b789e18224cd,1
field-relayed-join-v2,docs/evidence/2026-09-08-field/raw/manifests/field-relayed-join-v2.json,07362ea4f41f1db77cb6b542e48ac83f699db8b20d5004f4edc29e0d0081935b,596,425258ede8c2f43142f9781c6168c1e01a2a6698,2
field-setup-hil-v1,docs/evidence/2026-09-08-field/raw/manifests/field-setup-hil-v1.json,0f180892688e634578b80b608eac32b5344b81d81b3f54e6c42f2a5784450df3,584,7692cb1ecba83002efa6b6d11d6166053e21d5eb,2
field-setup-hil-v2,docs/evidence/2026-09-08-field/raw/manifests/field-setup-hil-v2.json,0e1ff28bd9c97d3679b2d3d5646eb386a04da53f5945bc51019b6d1d073a1f39,584,4721deb71196b17c5d85cddb6f8e1bc21bd01fab,2
field-setup-hil-v3,docs/evidence/2026-09-08-field/raw/manifests/field-setup-hil-v3.json,7abaf8dceb6aef2e14aa2900fc3517b456783f1bdcddef44274dab350b679cff,584,3876aa73f0cc3753bbc4e06b9b839758c0036f04,2
field-setup-hil-v4,docs/evidence/2026-09-08-field/raw/manifests/field-setup-hil-v4.json,a82d855aa39ad0feb48354ca0bb3ffde1c1f99f9594c3e5d9f3736386c7b7af6,584,865c7e49dccfb53521e2ab979ab8cd5610fd9475,2
field-setup-hil-v5,docs/evidence/2026-09-08-field/raw/manifests/field-setup-hil-v5.json,d1ee4fece0677e2028b66b21a4c04086b9cef5a279ae8e41fe20515f81f672af,584,a2a1aa40909a7e37bae8ec95a3eb7f1d05b338ce,2
field-setup-hil-v6,docs/evidence/2026-09-08-field/raw/manifests/field-setup-hil-v6.json,e2d7bb7aaee4d1da9d5fa6ca425d1eccdb749bd277c02c472333c1b6d68d67c9,584,6ef55c9f5b1198fe9c3d47212944e4951004366c,2
local,docs/evidence/2026-09-08-field/raw/manifests/local.json,d8a09f0a779b195101b6e005006dc37a23ec556b14579ccd41eab0fd332d9a07,60335,a85024e65a0a1636462930c50b7084035aa3795a,228
public-roster.h,docs/evidence/2026-09-08-field/raw/manifests/public-roster.h.json,9c13d847a77fb76928b576f92117f4b12023917a287a99066c8aa99446412171,301,8b53bdb7976ca515efbfe4a7df03080c8475a3fa,1
